{
    "1": 628.69274476271,
    "2": 2573.086262521927,
    "3": 688.4741844456503,
    "4": 460.5896980990256,
    "5": 563.4505417375327,
    "6": 2088.7266477514077,
    "7": 731.1268387548233,
    "8": 180.01803698650133,
    "9": 509.31765266140616,
    "10": 1904.1303987386354,
    "11": 5018.803730450502,
    "12": 288.94976360586287,
    "13": 567.9567471173548,
    "14": 237.3549534925561
}