{
    "1": 422.1054603906984,
    "2": 398.11810946887255,
    "3": 584.2438203275872,
    "4": 268.06304859775116,
    "5": 483.97875122028046,
    "6": 182.71467114968962,
    "7": 500.9434180781998,
    "8": 261.6859420610636,
    "9": 3440.152468107972,
    "10": 322.2604501338677,
    "11": 4632.646455288909,
    "12": 362.2954627296207,
    "13": 1454.8535878025484,
    "14": 263.553689526619
}